Year,Month,sm_5cm,sm_20cm,sm_60cm
2002,January,0.205,0.208,0.136
2002,January,0.210,0.210,0.136
2002,January,0.202,0.208,0.136
2002,January,0.224,0.210,0.137
2002,January,0.227,0.211,0.137
2002,January,0.224,0.214,0.137
2002,January,0.220,0.213,0.137
2002,January,0.222,0.214,0.138
2002,January,0.220,0.215,0.138
2002,January,0.216,0.215,0.138
2002,January,0.214,0.215,0.139
2002,January,0.209,0.212,0.139
2002,January,0.211,0.215,0.140
2002,January,0.207,0.214,0.140
2002,January,0.204,0.211,0.140
2002,January,0.204,0.212,0.141
2002,January,0.203,0.213,0.141
2002,January,0.197,0.209,0.141
2002,January,0.196,0.208,0.142
2002,January,0.194,0.207,0.142
2002,January,0.191,0.205,0.141
2002,January,0.191,0.206,0.142
2002,January,0.188,0.206,0.142
2002,January,0.186,0.206,0.144
2002,January,0.180,0.202,0.143
2002,January,0.181,0.200,0.143
2002,January,0.181,0.202,0.144
2002,January,0.179,0.200,0.144
2002,January,0.180,0.202,0.145
2002,January,0.241,0.199,0.145
2002,January,0.285,0.196,0.146
2002,February,0.255,0.200,0.145
2002,February,0.248,0.203,0.145
2002,February,0.248,0.206,0.145
2002,February,0.241,0.207,0.146
2002,February,0.324,0.218,0.146
2002,February,0.316,0.256,0.146
2002,February,0.287,0.251,0.146
2002,February,0.277,0.250,0.146
2002,February,0.266,0.246,0.146
2002,February,0.255,0.242,0.146
2002,February,0.246,0.239,0.146
2002,February,0.246,0.238,0.147
2002,February,0.243,0.237,0.147
2002,February,0.238,0.233,0.146
2002,February,0.239,0.235,0.148
2002,February,0.233,0.231,0.148
2002,February,0.230,0.230,0.148
2002,February,0.229,0.229,0.149
2002,February,0.224,0.227,0.149
2002,February,0.219,0.224,0.150
2002,February,0.216,0.223,0.151
2002,February,0.210,0.217,0.151
2002,February,0.210,0.217,0.151
2002,February,0.204,0.213,0.152
2002,February,0.197,0.209,0.153
2002,February,0.189,0.205,0.153
2002,February,0.192,0.206,0.154
2002,February,0.190,0.204,0.153
2002,March,0.189,0.202,0.154
2002,March,0.185,0.202,0.155
2002,March,0.176,0.197,0.153
2002,March,0.177,0.195,0.152
2002,March,0.181,0.197,0.153
2002,March,0.179,0.195,0.154
2002,March,0.174,0.190,0.153
2002,March,0.174,0.189,0.156
2002,March,0.169,0.184,0.155
2002,March,0.165,0.180,0.155
2002,March,0.164,0.178,0.156
2002,March,0.162,0.174,0.155
2002,March,0.165,0.175,0.157
2002,March,0.160,0.170,0.157
2002,March,0.156,0.168,0.157
2002,March,0.153,0.165,0.156
2002,March,0.153,0.165,0.156
2002,March,0.156,0.163,0.156
2002,March,0.340,0.161,0.156
2002,March,0.330,0.174,0.155
2002,March,0.281,0.193,0.155
2002,March,0.259,0.194,0.154
2002,March,0.257,0.195,0.153
2002,March,0.249,0.195,0.153
2002,March,0.232,0.192,0.153
2002,March,0.226,0.188,0.153
2002,March,0.219,0.185,0.152
2002,March,0.210,0.182,0.152
2002,March,0.197,0.177,0.152
2002,March,0.366,0.297,0.152
2002,March,0.362,0.332,0.152
2002,April,0.326,0.306,0.152
2002,April,0.298,0.290,0.152
2002,April,0.280,0.276,0.152
2002,April,0.271,0.267,0.153
2002,April,0.263,0.261,0.154
2002,April,0.262,0.257,0.155
2002,April,0.277,0.256,0.156
2002,April,0.266,0.250,0.157
2002,April,0.256,0.246,0.158
2002,April,0.246,0.240,0.159
2002,April,0.230,0.229,0.159
2002,April,0.214,0.218,0.159
2002,April,0.205,0.210,0.159
2002,April,0.199,0.202,0.159
2002,April,0.187,0.187,0.157
2002,April,0.175,0.171,0.156
2002,April,0.166,0.162,0.154
2002,April,0.161,0.155,0.152
2002,April,0.158,0.152,0.150
2002,April,0.155,0.150,0.149
2002,April,0.150,0.147,0.147
2002,April,0.147,0.144,0.145
2002,April,0.145,0.143,0.144
2002,April,0.142,0.141,0.142
2002,April,0.186,0.138,0.141
2002,April,0.314,0.136,0.141
2002,April,0.283,0.138,0.141
2002,April,0.237,0.140,0.141
2002,April,0.205,0.141,0.142
2002,April,0.179,0.141,0.142
2002,May,0.160,0.140,0.141
2002,May,0.149,0.138,0.141
2002,May,0.145,0.137,0.140
2002,May,0.142,0.137,0.139
2002,May,0.140,0.137,0.139
2002,May,0.138,0.136,0.139
2002,May,0.136,0.137,0.139
2002,May,0.132,0.136,0.139
2002,May,0.127,0.136,0.139
2002,May,0.124,0.135,0.139
2002,May,0.122,0.135,0.137
2002,May,0.121,0.135,0.137
2002,May,0.118,0.134,0.137
2002,May,0.117,0.134,0.137
2002,May,0.117,0.134,0.138
2002,May,0.114,0.134,0.137
2002,May,0.110,0.133,0.137
2002,May,0.111,0.134,0.138
2002,May,0.108,0.133,0.137
2002,May,0.106,0.133,0.136
2002,May,0.106,0.133,0.137
2002,May,0.104,0.132,0.136
2002,May,0.105,0.133,0.136
2002,May,0.104,0.134,0.138
2002,May,0.102,0.133,0.139
2002,May,0.101,0.132,0.137
2002,May,0.101,0.133,0.139
2002,May,0.101,0.131,0.137
2002,May,0.101,0.131,0.137
2002,May,0.101,0.133,0.139
2002,May,0.100,0.133,0.138
2002,June,0.099,0.134,0.140
2002,June,0.097,0.134,0.139
2002,June,0.096,0.133,0.140
2002,June,0.166,0.131,0.139
2002,June,0.330,0.129,0.140
2002,June,0.296,0.129,0.140
2002,June,0.288,0.130,0.140
2002,June,0.283,0.132,0.140
2002,June,0.344,0.132,0.140
2002,June,0.337,0.135,0.140
2002,June,0.324,0.138,0.140
2002,June,0.307,0.140,0.140
2002,June,0.302,0.143,0.140
2002,June,0.292,0.146,0.141
2002,June,0.283,0.147,0.141
2002,June,0.278,0.150,0.141
2002,June,0.274,0.152,0.141
2002,June,0.271,0.155,0.141
2002,June,0.266,0.158,0.142
2002,June,0.261,0.161,0.142
2002,June,0.256,0.163,0.142
2002,June,0.253,0.166,0.142
2002,June,0.249,0.168,0.143
2002,June,0.244,0.171,0.143
2002,June,0.238,0.173,0.143
2002,June,0.231,0.175,0.143
2002,June,0.226,0.174,0.143
2002,June,0.229,0.175,0.143
2002,June,0.227,0.179,0.143
2002,June,0.218,0.178,0.144
2002,July,0.210,0.179,0.144
2002,July,0.200,0.177,0.144
2002,July,0.193,0.177,0.144
2002,July,0.185,0.175,0.144
2002,July,0.181,0.173,0.144
2002,July,0.181,0.171,0.144
2002,July,0.196,0.168,0.143
2002,July,0.196,0.166,0.143
2002,July,0.192,0.166,0.143
2002,July,0.187,0.166,0.143
2002,July,0.181,0.165,0.144
2002,July,0.177,0.163,0.144
2002,July,0.174,0.162,0.144
2002,July,0.170,0.160,0.144
2002,July,0.167,0.158,0.145
2002,July,0.162,0.156,0.145
2002,July,0.156,0.154,0.145
2002,July,0.153,0.152,0.145
2002,July,0.148,0.152,0.145
2002,July,0.141,0.150,0.145
2002,July,0.136,0.148,0.145
2002,July,0.133,0.147,0.145
2002,July,0.129,0.146,0.145
2002,July,0.125,0.145,0.145
2002,July,0.121,0.143,0.144
2002,July,0.118,0.142,0.144
2002,July,0.115,0.141,0.143
2002,July,0.113,0.141,0.144
2002,July,0.113,0.139,0.144
2002,July,0.112,0.138,0.143
2002,July,0.112,0.137,0.142
2002,August,0.111,0.138,0.142
2002,August,0.110,0.139,0.144
2002,August,0.108,0.137,0.142
2002,August,0.107,0.137,0.142
2002,August,0.105,0.136,0.141
2002,August,0.104,0.135,0.141
2002,August,0.104,0.135,0.142
2002,August,0.103,0.135,0.142
2002,August,0.103,0.135,0.143
2002,August,0.138,0.134,0.143
2002,August,0.181,0.132,0.142
2002,August,0.181,0.132,0.142
2002,August,0.172,0.132,0.142
2002,August,0.165,0.132,0.142
2002,August,0.160,0.133,0.142
2002,August,0.155,0.133,0.142
2002,August,0.150,0.133,0.142
2002,August,0.146,0.133,0.142
2002,August,0.144,0.135,0.142
2002,August,0.137,0.134,0.142
2002,August,0.136,0.133,0.142
2002,August,0.137,0.132,0.141
2002,August,0.139,0.133,0.141
2002,August,0.138,0.133,0.141
2002,August,0.138,0.134,0.141
2002,August,0.134,0.133,0.141
2002,August,0.130,0.133,0.141
2002,August,0.126,0.133,0.141
2002,August,0.132,0.133,0.142
2002,August,0.142,0.132,0.141
2002,August,0.145,0.133,0.141
2002,September,0.146,0.134,0.141
2002,September,0.144,0.133,0.141
2002,September,0.145,0.134,0.141
2002,September,0.142,0.133,0.141
2002,September,0.140,0.134,0.141
2002,September,0.137,0.134,0.141
2002,September,0.135,0.134,0.141
2002,September,0.132,0.134,0.141
2002,September,0.129,0.134,0.141
2002,September,0.127,0.134,0.141
2002,September,0.124,0.133,0.141
2002,September,0.125,0.134,0.141
2002,September,0.124,0.133,0.140
2002,September,0.129,0.133,0.140
2002,September,0.147,0.132,0.140
2002,September,0.161,0.132,0.139
2002,September,0.164,0.132,0.139
2002,September,0.163,0.132,0.139
2002,September,0.156,0.132,0.139
2002,September,0.155,0.131,0.139
2002,September,0.154,0.131,0.139
2002,September,0.153,0.132,0.139
2002,September,0.151,0.132,0.139
2002,September,0.151,0.133,0.139
2002,September,0.147,0.132,0.139
2002,September,0.145,0.132,0.139
2002,September,0.144,0.133,0.139
2002,September,0.141,0.133,0.139
2002,September,0.139,0.133,0.139
2002,September,0.135,0.133,0.139
2002,October,0.134,0.133,0.139
2002,October,0.132,0.133,0.139
2002,October,0.129,0.133,0.139
2002,October,0.128,0.132,0.139
2002,October,0.128,0.132,0.138
2002,October,0.130,0.132,0.138
2002,October,0.128,0.132,0.138
2002,October,0.127,0.131,0.138
2002,October,0.127,0.131,0.138
2002,October,0.127,0.131,0.138
2002,October,0.128,0.131,0.138
2002,October,0.128,0.131,0.138
2002,October,0.128,0.131,0.138
2002,October,0.128,0.130,0.137
2002,October,0.128,0.131,0.137
2002,October,0.128,0.131,0.137
2002,October,0.128,0.131,0.137
2002,October,0.127,0.131,0.137
2002,October,0.126,0.130,0.137
2002,October,0.126,0.130,0.137
2002,October,0.126,0.130,0.136
2002,October,0.126,0.130,0.136
2002,October,0.205,0.129,0.136
2002,October,0.279,0.128,0.136
2002,October,0.300,0.129,0.136
2002,October,0.281,0.131,0.135
2002,October,0.322,0.133,0.135
2002,October,0.346,0.188,0.135
2002,October,0.323,0.278,0.135
2002,October,0.296,0.272,0.134
2002,October,0.281,0.264,0.134
2002,November,0.280,0.258,0.134
2002,November,0.288,0.259,0.133
2002,November,0.283,0.261,0.133
2002,November,0.283,0.258,0.133
2002,November,0.283,0.259,0.133
2002,November,0.275,0.258,0.133
2002,November,0.271,0.257,0.133
2002,November,0.271,0.257,0.133
2002,November,0.271,0.258,0.134
2002,November,0.266,0.258,0.134
2002,November,0.259,0.253,0.134
2002,November,0.254,0.250,0.134
2002,November,0.252,0.247,0.134
2002,November,0.252,0.246,0.134
2002,November,0.248,0.244,0.134
2002,November,0.248,0.239,0.134
2002,November,0.247,0.238,0.134
2002,November,0.247,0.239,0.134
2002,November,0.244,0.237,0.134
2002,November,0.242,0.236,0.135
2002,November,0.241,0.236,0.135
2002,November,0.240,0.236,0.135
2002,November,0.239,0.235,0.135
2002,November,0.236,0.234,0.135
2002,November,0.231,0.231,0.136
2002,November,0.229,0.228,0.135
2002,November,0.226,0.225,0.135
2002,November,0.226,0.224,0.135
2002,November,0.227,0.224,0.135
2002,November,0.227,0.225,0.136
2002,December,0.226,0.224,0.136
2002,December,0.227,0.225,0.136
2002,December,0.328,0.267,0.136
2002,December,0.324,0.300,0.136
2002,December,0.305,0.286,0.136
2002,December,0.297,0.280,0.136
2002,December,0.289,0.275,0.138
2002,December,0.286,0.271,0.140
2002,December,0.294,0.271,0.145
2002,December,0.283,0.269,0.151
2002,December,0.280,0.266,0.157
2002,December,0.275,0.264,0.162
2002,December,0.271,0.261,0.166
2002,December,0.270,0.259,0.170
2002,December,0.269,0.258,0.174
2002,December,0.270,0.258,0.178
2002,December,0.269,0.257,0.184
2002,December,0.266,0.257,0.191
2002,December,0.260,0.254,0.197
2002,December,0.255,0.249,0.201
2002,December,0.255,0.247,0.203
2002,December,0.252,0.246,0.205
2002,December,0.256,0.243,0.206
2002,December,0.256,0.242,0.207
2002,December,0.247,0.241,0.207
2002,December,0.250,0.240,0.207
2002,December,0.245,0.239,0.208
2002,December,0.246,0.239,0.208
2002,December,0.249,0.238,0.208
2002,December,0.249,0.239,0.208
2002,December,0.246,0.239,0.209
2003,January,0.245,0.238,0.209
2003,January,0.244,0.237,0.209
2003,January,0.242,0.236,0.209
2003,January,0.242,0.236,0.209
2003,January,0.242,0.236,0.209
2003,January,0.241,0.235,0.210
2003,January,0.239,0.234,0.210
2003,January,0.240,0.234,0.210
2003,January,0.239,0.235,0.210
2003,January,0.235,0.233,0.210
2003,January,0.233,0.231,0.210
2003,January,0.232,0.231,0.210
2003,January,0.231,0.229,0.210
2003,January,0.231,0.229,0.209
2003,January,0.231,0.229,0.209
2003,January,0.228,0.228,0.209
2003,January,0.225,0.225,0.209
2003,January,0.224,0.224,0.209
2003,January,0.225,0.223,0.208
2003,January,0.226,0.224,0.208
2003,January,0.226,0.225,0.208
2003,January,0.222,0.223,0.209
2003,January,0.219,0.221,0.208
2003,January,0.217,0.220,0.208
2003,January,0.218,0.219,0.207
2003,January,0.219,0.220,0.207
2003,January,0.218,0.220,0.207
2003,January,0.217,0.220,0.207
2003,January,0.215,0.220,0.208
2003,January,0.213,0.219,0.208
2003,January,0.211,0.218,0.208
2003,February,0.209,0.218,0.208
2003,February,0.207,0.218,0.208
2003,February,0.204,0.218,0.208
2003,February,0.199,0.214,0.208
2003,February,0.198,0.212,0.207
2003,February,0.197,0.211,0.207
2003,February,0.195,0.209,0.206
2003,February,0.194,0.208,0.205
2003,February,0.194,0.208,0.205
2003,February,0.193,0.207,0.204
2003,February,0.192,0.206,0.204
2003,February,0.191,0.205,0.204
2003,February,0.191,0.206,0.204
2003,February,0.190,0.205,0.205
2003,February,0.186,0.203,0.205
2003,February,0.183,0.199,0.205
2003,February,0.183,0.197,0.205
2003,February,0.181,0.195,0.204
2003,February,0.179,0.194,0.204
2003,February,0.177,0.192,0.204
2003,February,0.177,0.191,0.203
2003,February,0.176,0.190,0.203
2003,February,0.175,0.188,0.202
2003,February,0.171,0.186,0.202
2003,February,0.170,0.184,0.200
2003,February,0.171,0.183,0.199
2003,February,0.172,0.183,0.199
2003,February,0.171,0.182,0.198
2003,March,0.171,0.181,0.198
2003,March,0.169,0.180,0.198
2003,March,0.168,0.178,0.197
2003,March,0.168,0.177,0.196
2003,March,0.165,0.175,0.195
2003,March,0.165,0.173,0.194
2003,March,0.164,0.172,0.192
2003,March,0.164,0.170,0.190
2003,March,0.162,0.169,0.188
2003,March,0.160,0.167,0.187
2003,March,0.160,0.166,0.185
2003,March,0.159,0.165,0.182
2003,March,0.157,0.163,0.179
2003,March,0.156,0.162,0.176
2003,March,0.154,0.160,0.173
2003,March,0.153,0.159,0.170
2003,March,0.152,0.158,0.167
2003,March,0.149,0.156,0.164
2003,March,0.147,0.155,0.162
2003,March,0.146,0.154,0.161
2003,March,0.145,0.153,0.159
2003,March,0.145,0.153,0.158
2003,March,0.145,0.153,0.157
2003,March,0.146,0.152,0.155
2003,March,0.146,0.152,0.154
2003,March,0.145,0.150,0.152
2003,March,0.146,0.150,0.151
2003,March,0.144,0.149,0.151
2003,March,0.143,0.147,0.150
2003,March,0.145,0.147,0.149
2003,March,0.145,0.147,0.148
2003,April,0.146,0.147,0.147
2003,April,0.147,0.147,0.146
2003,April,0.148,0.146,0.145
2003,April,0.145,0.145,0.145
2003,April,0.144,0.144,0.144
2003,April,0.143,0.144,0.144
2003,April,0.141,0.142,0.143
2003,April,0.140,0.142,0.143
2003,April,0.138,0.141,0.142
2003,April,0.138,0.141,0.142
2003,April,0.137,0.141,0.142
2003,April,0.136,0.141,0.141
2003,April,0.135,0.141,0.141
2003,April,0.134,0.140,0.141
2003,April,0.131,0.140,0.141
2003,April,0.130,0.139,0.141
2003,April,0.128,0.139,0.140
2003,April,0.127,0.138,0.140
2003,April,0.126,0.138,0.140
2003,April,0.125,0.137,0.140
2003,April,0.125,0.137,0.140
2003,April,0.123,0.137,0.140
2003,April,0.123,0.136,0.140
2003,April,0.123,0.136,0.139
2003,April,0.123,0.136,0.139
2003,April,0.123,0.137,0.139
2003,April,0.121,0.136,0.139
2003,April,0.120,0.136,0.139
2003,April,0.119,0.136,0.139
2003,April,0.119,0.136,0.139
2003,May,0.118,0.136,0.139
2003,May,0.117,0.136,0.139
2003,May,0.117,0.136,0.139
2003,May,0.116,0.136,0.139
2003,May,0.115,0.135,0.139
2003,May,0.114,0.135,0.139
2003,May,0.113,0.135,0.139
2003,May,0.112,0.135,0.139
2003,May,0.111,0.134,0.139
2003,May,0.110,0.134,0.138
2003,May,0.109,0.134,0.139
2003,May,0.109,0.134,0.138
2003,May,0.109,0.134,0.138
2003,May,0.108,0.135,0.139
2003,May,0.108,0.135,0.139
2003,May,0.107,0.134,0.139
2003,May,0.107,0.134,0.139
2003,May,0.107,0.134,0.139
2003,May,0.106,0.135,0.140
2003,May,0.170,0.133,0.140
2003,May,0.201,0.131,0.139
2003,May,0.203,0.131,0.139
2003,May,0.204,0.132,0.139
2003,May,0.208,0.133,0.139
2003,May,0.295,0.132,0.140
2003,May,0.311,0.131,0.140
2003,May,0.283,0.131,0.139
2003,May,0.275,0.133,0.139
2003,May,0.270,0.135,0.140
2003,May,0.263,0.137,0.141
2003,May,0.256,0.138,0.141
2003,June,0.283,0.138,0.141
2003,June,0.273,0.139,0.141
2003,June,0.266,0.140,0.142
2003,June,0.257,0.141,0.142
2003,June,0.266,0.141,0.142
2003,June,0.325,0.140,0.142
2003,June,0.298,0.143,0.141
2003,June,0.284,0.144,0.141
2003,June,0.280,0.145,0.141
2003,June,0.274,0.148,0.141
2003,June,0.269,0.152,0.141
2003,June,0.260,0.155,0.142
2003,June,0.249,0.159,0.142
2003,June,0.238,0.161,0.142
2003,June,0.228,0.164,0.142
2003,June,0.215,0.166,0.143
2003,June,0.199,0.167,0.143
2003,June,0.183,0.165,0.143
2003,June,0.171,0.162,0.143
2003,June,0.165,0.158,0.143
2003,June,0.161,0.156,0.143
2003,June,0.156,0.153,0.143
2003,June,0.152,0.150,0.144
2003,June,0.147,0.147,0.144
2003,June,0.142,0.145,0.145
2003,June,0.222,0.142,0.145
2003,June,0.239,0.141,0.144
2003,June,0.231,0.142,0.144
2003,June,0.217,0.143,0.144
2003,June,0.222,0.141,0.144
2003,July,0.218,0.143,0.144
2003,July,0.204,0.144,0.144
2003,July,0.187,0.145,0.145
2003,July,0.170,0.145,0.145
2003,July,0.159,0.146,0.145
2003,July,0.150,0.145,0.146
2003,July,0.144,0.144,0.146
2003,July,0.140,0.143,0.146
2003,July,0.137,0.142,0.146
2003,July,0.134,0.142,0.146
2003,July,0.128,0.142,0.146
2003,July,0.123,0.141,0.146
2003,July,0.119,0.140,0.146
2003,July,0.115,0.139,0.146
2003,July,0.113,0.138,0.146
2003,July,0.110,0.138,0.146
2003,July,0.108,0.137,0.146
2003,July,0.107,0.137,0.146
2003,July,0.106,0.136,0.146
2003,July,0.104,0.136,0.146
2003,July,0.103,0.135,0.146
2003,July,0.102,0.135,0.146
2003,July,0.101,0.135,0.146
2003,July,0.100,0.135,0.146
2003,July,0.099,0.134,0.146
2003,July,0.098,0.133,0.146
2003,July,0.098,0.133,0.146
2003,July,0.097,0.132,0.146
2003,July,0.097,0.132,0.146
2003,July,0.096,0.131,0.146
2003,July,0.096,0.131,0.146
2003,August,0.095,0.131,0.146
2003,August,0.095,0.130,0.146
2003,August,0.094,0.130,0.146
2003,August,0.094,0.130,0.146
2003,August,0.093,0.129,0.146
2003,August,0.092,0.128,0.146
2003,August,0.092,0.128,0.146
2003,August,0.091,0.127,0.146
2003,August,0.091,0.127,0.146
2003,August,0.091,0.126,0.146
2003,August,0.091,0.126,0.146
2003,August,0.090,0.125,0.145
2003,August,0.090,0.124,0.145
2003,August,0.090,0.123,0.145
2003,August,0.090,0.122,0.144
2003,August,0.091,0.122,0.144
2003,August,0.091,0.122,0.144
2003,August,0.091,0.122,0.144
2003,August,0.090,0.122,0.144
2003,August,0.090,0.121,0.144
2003,August,0.090,0.121,0.144
2003,August,0.089,0.121,0.144
2003,August,0.091,0.120,0.143
2003,August,0.092,0.120,0.143
2003,August,0.093,0.120,0.143
2003,August,0.092,0.120,0.143
2003,August,0.091,0.120,0.143
2003,August,0.091,0.119,0.143
2003,August,0.091,0.119,0.143
2003,August,0.114,0.118,0.143
2003,August,0.140,0.116,0.142
2003,September,0.144,0.116,0.141
2003,September,0.148,0.116,0.141
2003,September,0.149,0.117,0.141
2003,September,0.151,0.117,0.141
2003,September,0.151,0.118,0.141
2003,September,0.150,0.118,0.141
2003,September,0.148,0.118,0.141
2003,September,0.145,0.118,0.141
2003,September,0.145,0.118,0.141
2003,September,0.146,0.119,0.140
2003,September,0.145,0.119,0.141
2003,September,0.143,0.119,0.140
2003,September,0.143,0.119,0.140
2003,September,0.140,0.119,0.140
2003,September,0.138,0.119,0.140
2003,September,0.139,0.119,0.140
2003,September,0.137,0.120,0.140
2003,September,0.133,0.120,0.140
2003,September,0.129,0.119,0.138
2003,September,0.128,0.120,0.139
2003,September,0.125,0.120,0.139
2003,September,0.123,0.120,0.139
2003,September,0.122,0.121,0.139
2003,September,0.120,0.121,0.139
2003,September,0.118,0.121,0.139
2003,September,0.117,0.121,0.139
2003,September,0.117,0.121,0.139
2003,September,0.117,0.121,0.139
2003,September,0.117,0.121,0.139
2003,September,0.116,0.121,0.139
2003,October,0.115,0.121,0.139
2003,October,0.113,0.121,0.139
2003,October,0.113,0.121,0.139
2003,October,0.111,0.121,0.138
2003,October,0.112,0.120,0.138
2003,October,0.114,0.121,0.138
2003,October,0.116,0.121,0.138
2003,October,0.116,0.120,0.138
2003,October,0.119,0.120,0.138
2003,October,0.119,0.121,0.138
2003,October,0.121,0.121,0.138
2003,October,0.120,0.121,0.138
2003,October,0.122,0.120,0.138
2003,October,0.122,0.121,0.138
2003,October,0.122,0.120,0.138
2003,October,0.123,0.121,0.137
2003,October,0.123,0.121,0.137
2003,October,0.122,0.121,0.137
2003,October,0.122,0.121,0.137
2003,October,0.121,0.121,0.137
2003,October,0.120,0.121,0.137
2003,October,0.118,0.122,0.138
2003,October,0.116,0.122,0.138
2003,October,0.115,0.122,0.137
2003,October,0.112,0.121,0.137
2003,October,0.111,0.121,0.137
2003,October,0.111,0.120,0.137
2003,October,0.110,0.121,0.137
2003,October,0.109,0.121,0.137
2003,October,0.109,0.121,0.136
2003,October,0.108,0.121,0.137
2003,November,0.107,0.121,0.137
2003,November,0.107,0.121,0.137
2003,November,0.107,0.121,0.137
2003,November,0.107,0.122,0.137
2003,November,0.106,0.121,0.137
2003,November,0.106,0.120,0.137
2003,November,0.108,0.119,0.136
2003,November,0.111,0.119,0.136
2003,November,0.113,0.119,0.136
2003,November,0.115,0.119,0.135
2003,November,0.118,0.119,0.135
2003,November,0.119,0.119,0.135
2003,November,0.119,0.119,0.135
2003,November,0.120,0.119,0.135
2003,November,0.125,0.118,0.135
2003,November,0.130,0.119,0.135
2003,November,0.136,0.119,0.135
2003,November,0.137,0.119,0.135
2003,November,0.137,0.119,0.135
2003,November,0.139,0.119,0.135
2003,November,0.140,0.119,0.135
2003,November,0.141,0.119,0.135
2003,November,0.139,0.119,0.135
2003,November,0.137,0.118,0.135
2003,November,0.138,0.118,0.134
2003,November,0.138,0.119,0.134
2003,November,0.138,0.119,0.134
2003,November,0.137,0.118,0.134
2003,November,0.137,0.118,0.134
2003,November,0.138,0.119,0.134
2003,December,0.138,0.119,0.134
2003,December,0.138,0.119,0.134
2003,December,0.137,0.119,0.134
2003,December,0.137,0.119,0.134
2003,December,0.136,0.119,0.134
2003,December,0.135,0.119,0.134
2003,December,0.135,0.119,0.134
2003,December,0.135,0.119,0.134
2003,December,0.134,0.119,0.134
2003,December,0.132,0.119,0.134
2003,December,0.132,0.119,0.134
2003,December,0.131,0.119,0.134
2003,December,0.130,0.119,0.134
2003,December,0.130,0.119,0.133
2003,December,0.130,0.119,0.133
2003,December,0.129,0.119,0.133
2003,December,0.128,0.119,0.133
2003,December,0.128,0.119,0.133
2003,December,0.127,0.119,0.133
2003,December,0.126,0.119,0.133
2003,December,0.126,0.119,0.133
2003,December,0.126,0.119,0.133
2003,December,0.124,0.119,0.133
2003,December,0.124,0.119,0.133
2003,December,0.123,0.119,0.133
2003,December,0.123,0.119,0.133
2003,December,0.122,0.120,0.133
2003,December,0.120,0.119,0.133
2003,December,0.119,0.119,0.133
2003,December,0.119,0.119,0.133
2003,December,0.119,0.119,0.133
2004,January,0.119,0.119,0.133
2004,January,0.119,0.120,0.133
2004,January,0.118,0.120,0.133
2004,January,0.117,0.120,0.133
2004,January,0.116,0.120,0.133
2004,January,0.115,0.119,0.133
2004,January,0.115,0.119,0.133
2004,January,0.115,0.119,0.133
2004,January,0.115,0.120,0.133
2004,January,0.114,0.120,0.133
2004,January,0.114,0.120,0.133
2004,January,0.113,0.120,0.133
2004,January,0.113,0.120,0.133
2004,January,0.113,0.120,0.133
2004,January,0.113,0.120,0.133
2004,January,0.113,0.120,0.132
2004,January,0.271,0.120,0.132
2004,January,0.307,0.193,0.132
2004,January,0.276,0.221,0.132
2004,January,0.264,0.223,0.132
2004,January,0.257,0.224,0.132
2004,January,0.253,0.224,0.132
2004,January,0.253,0.225,0.132
2004,January,0.252,0.226,0.132
2004,January,0.249,0.226,0.132
2004,January,0.244,0.225,0.132
2004,January,0.238,0.222,0.132
2004,January,0.238,0.220,0.132
2004,January,0.240,0.221,0.132
2004,January,0.238,0.221,0.132
2004,January,0.239,0.221,0.132
2004,February,0.237,0.221,0.132
2004,February,0.233,0.219,0.132
2004,February,0.232,0.218,0.132
2004,February,0.232,0.218,0.132
2004,February,0.231,0.218,0.132
2004,February,0.228,0.216,0.132
2004,February,0.228,0.215,0.132
2004,February,0.229,0.216,0.132
2004,February,0.228,0.216,0.132
2004,February,0.227,0.216,0.132
2004,February,0.227,0.216,0.132
2004,February,0.222,0.214,0.132
2004,February,0.218,0.211,0.132
2004,February,0.219,0.210,0.132
2004,February,0.219,0.210,0.132
2004,February,0.222,0.210,0.132
2004,February,0.223,0.211,0.132
2004,February,0.226,0.213,0.132
2004,February,0.228,0.215,0.132
2004,February,0.226,0.215,0.132
2004,February,0.226,0.215,0.132
2004,February,0.227,0.216,0.133
2004,February,0.227,0.216,0.133
2004,February,0.294,0.217,0.133
2004,February,0.323,0.263,0.132
2004,February,0.302,0.269,0.132
2004,February,0.289,0.264,0.132
2004,February,0.283,0.262,0.132
2004,February,0.328,0.282,0.132
2004,March,0.300,0.277,0.132
2004,March,0.287,0.270,0.132
2004,March,0.288,0.265,0.132
2004,March,0.323,0.279,0.132
2004,March,0.309,0.282,0.132
2004,March,0.302,0.278,0.132
2004,March,0.294,0.275,0.133
2004,March,0.288,0.272,0.133
2004,March,0.287,0.270,0.133
2004,March,0.284,0.269,0.134
2004,March,0.278,0.267,0.135
2004,March,0.314,0.274,0.136
2004,March,0.334,0.299,0.138
2004,March,0.311,0.290,0.154
2004,March,0.306,0.286,0.177
2004,March,0.299,0.283,0.201
2004,March,0.296,0.281,0.227
2004,March,0.294,0.280,0.239
2004,March,0.292,0.279,0.245
2004,March,0.292,0.280,0.249
2004,March,0.284,0.277,0.252
2004,March,0.278,0.272,0.252
2004,March,0.278,0.270,0.252
2004,March,0.279,0.270,0.252
2004,March,0.278,0.270,0.254
2004,March,0.273,0.269,0.255
2004,March,0.275,0.267,0.255
2004,March,0.269,0.265,0.255
2004,March,0.266,0.262,0.254
2004,March,0.265,0.261,0.253
2004,March,0.263,0.260,0.253
2004,April,0.261,0.259,0.253
2004,April,0.257,0.257,0.253
2004,April,0.255,0.252,0.252
2004,April,0.308,0.260,0.249
2004,April,0.330,0.297,0.246
2004,April,0.329,0.296,0.251
2004,April,0.339,0.308,0.264
2004,April,0.323,0.302,0.281
2004,April,0.355,0.325,0.299
2004,April,0.322,0.315,0.316
2004,April,0.308,0.302,0.309
2004,April,0.301,0.295,0.301
2004,April,0.300,0.291,0.295
2004,April,0.301,0.291,0.292
2004,April,0.301,0.291,0.291
2004,April,0.300,0.291,0.291
2004,April,0.294,0.290,0.291
2004,April,0.289,0.285,0.289
2004,April,0.286,0.282,0.287
2004,April,0.283,0.279,0.284
2004,April,0.278,0.275,0.280
2004,April,0.274,0.272,0.277
2004,April,0.271,0.270,0.275
2004,April,0.265,0.265,0.272
2004,April,0.263,0.263,0.269
2004,April,0.259,0.260,0.266
2004,April,0.255,0.258,0.264
2004,April,0.251,0.255,0.262
2004,April,0.248,0.253,0.259
2004,April,0.242,0.250,0.257
2004,May,0.232,0.243,0.254
2004,May,0.233,0.239,0.250
2004,May,0.235,0.240,0.247
2004,May,0.233,0.239,0.245
2004,May,0.230,0.237,0.243
2004,May,0.226,0.235,0.242
2004,May,0.221,0.232,0.240
2004,May,0.215,0.229,0.237
2004,May,0.220,0.223,0.235
2004,May,0.226,0.221,0.230
2004,May,0.223,0.218,0.225
2004,May,0.220,0.215,0.218
2004,May,0.212,0.210,0.211
2004,May,0.206,0.205,0.206
2004,May,0.201,0.202,0.203
2004,May,0.196,0.199,0.200
2004,May,0.193,0.195,0.196
2004,May,0.187,0.191,0.193
2004,May,0.180,0.187,0.190
2004,May,0.174,0.182,0.187
2004,May,0.168,0.179,0.185
2004,May,0.162,0.176,0.183
2004,May,0.155,0.172,0.179
2004,May,0.149,0.169,0.176
2004,May,0.143,0.168,0.174
2004,May,0.138,0.166,0.172
2004,May,0.133,0.165,0.170
2004,May,0.132,0.162,0.169
2004,May,0.131,0.162,0.166
2004,May,0.129,0.161,0.164
2004,May,0.127,0.160,0.163
2004,June,0.125,0.159,0.161
2004,June,0.122,0.159,0.160
2004,June,0.151,0.157,0.160
2004,June,0.223,0.154,0.160
2004,June,0.222,0.155,0.159
2004,June,0.210,0.155,0.158
2004,June,0.197,0.156,0.158
2004,June,0.184,0.156,0.158
2004,June,0.174,0.157,0.158
2004,June,0.166,0.157,0.158
2004,June,0.160,0.157,0.157
2004,June,0.155,0.155,0.157
2004,June,0.152,0.155,0.156
2004,June,0.149,0.155,0.155
2004,June,0.144,0.155,0.155
2004,June,0.139,0.155,0.155
2004,June,0.134,0.154,0.154
2004,June,0.130,0.153,0.154
2004,June,0.130,0.151,0.154
2004,June,0.135,0.150,0.153
2004,June,0.139,0.150,0.153
2004,June,0.139,0.150,0.153
2004,June,0.140,0.148,0.153
2004,June,0.142,0.148,0.152
2004,June,0.142,0.148,0.152
2004,June,0.144,0.149,0.152
2004,June,0.144,0.149,0.152
2004,June,0.142,0.149,0.152
2004,June,0.141,0.148,0.152
2004,June,0.142,0.147,0.151
2004,July,0.143,0.148,0.151
2004,July,0.143,0.149,0.151
2004,July,0.143,0.150,0.151
2004,July,0.142,0.149,0.151
2004,July,0.141,0.150,0.151
2004,July,0.140,0.150,0.151
2004,July,0.137,0.148,0.151
2004,July,0.139,0.148,0.151
2004,July,0.141,0.149,0.151
2004,July,0.141,0.149,0.151
2004,July,0.141,0.149,0.151
2004,July,0.140,0.149,0.151
2004,July,0.139,0.149,0.150
2004,July,0.138,0.149,0.150
2004,July,0.135,0.149,0.150
2004,July,0.132,0.149,0.150
2004,July,0.128,0.149,0.149
2004,July,0.125,0.148,0.149
2004,July,0.122,0.148,0.149
2004,July,0.120,0.148,0.148
2004,July,0.118,0.147,0.148
2004,July,0.118,0.146,0.148
2004,July,0.116,0.146,0.148
2004,July,0.115,0.145,0.147
2004,July,0.114,0.144,0.147
2004,July,0.114,0.142,0.146
2004,July,0.114,0.141,0.146
2004,July,0.116,0.141,0.145
2004,July,0.179,0.141,0.145
2004,July,0.218,0.141,0.145
2004,July,0.210,0.141,0.145
2004,August,0.196,0.142,0.145
2004,August,0.180,0.143,0.146
2004,August,0.165,0.144,0.146
2004,August,0.155,0.144,0.146
2004,August,0.149,0.145,0.146
2004,August,0.146,0.145,0.147
2004,August,0.214,0.143,0.147
2004,August,0.235,0.142,0.146
2004,August,0.217,0.142,0.146
2004,August,0.187,0.143,0.146
2004,August,0.167,0.142,0.146
2004,August,0.161,0.142,0.146
2004,August,0.158,0.141,0.146
2004,August,0.159,0.142,0.146
2004,August,0.157,0.142,0.145
2004,August,0.155,0.142,0.145
2004,August,0.152,0.142,0.145
2004,August,0.151,0.143,0.145
2004,August,0.150,0.143,0.145
2004,August,0.148,0.142,0.145
2004,August,0.150,0.142,0.145
2004,August,0.150,0.142,0.145
2004,August,0.151,0.143,0.145
2004,August,0.151,0.144,0.145
2004,August,0.149,0.144,0.146
2004,August,0.147,0.145,0.146
2004,August,0.145,0.145,0.146
2004,August,0.142,0.145,0.146
2004,August,0.140,0.144,0.146
2004,August,0.138,0.144,0.146
2004,August,0.134,0.142,0.146
2004,September,0.134,0.141,0.146
2004,September,0.134,0.141,0.145
2004,September,0.135,0.141,0.145
2004,September,0.136,0.141,0.145
2004,September,0.137,0.142,0.145
2004,September,0.136,0.141,0.145
2004,September,0.135,0.141,0.145
2004,September,0.134,0.141,0.145
2004,September,0.134,0.140,0.145
2004,September,0.133,0.140,0.145
2004,September,0.131,0.140,0.144
2004,September,0.130,0.141,0.144
2004,September,0.128,0.141,0.144
2004,September,0.126,0.141,0.145
2004,September,0.125,0.141,0.145
2004,September,0.123,0.141,0.145
2004,September,0.122,0.141,0.145
2004,September,0.121,0.141,0.145
2004,September,0.119,0.141,0.145
2004,September,0.119,0.141,0.145
2004,September,0.117,0.140,0.145
2004,September,0.122,0.138,0.145
2004,September,0.130,0.137,0.144
2004,September,0.137,0.137,0.144
2004,September,0.256,0.137,0.144
2004,September,0.321,0.137,0.143
2004,September,0.382,0.278,0.143
2004,September,0.366,0.342,0.142
2004,September,0.335,0.324,0.141
2004,September,0.343,0.324,0.142
2004,October,0.338,0.324,0.165
2004,October,0.315,0.313,0.201
2004,October,0.308,0.304,0.227
2004,October,0.314,0.305,0.245
2004,October,0.321,0.309,0.258
2004,October,0.365,0.342,0.297
2004,October,0.346,0.334,0.323
2004,October,0.328,0.326,0.322
2004,October,0.314,0.315,0.318
2004,October,0.307,0.308,0.312
2004,October,0.300,0.303,0.307
2004,October,0.293,0.297,0.303
2004,October,0.287,0.293,0.298
2004,October,0.280,0.286,0.294
2004,October,0.279,0.283,0.289
2004,October,0.275,0.281,0.286
2004,October,0.271,0.277,0.283
2004,October,0.270,0.275,0.280
2004,October,0.267,0.273,0.277
2004,October,0.263,0.270,0.275
2004,October,0.260,0.269,0.273
2004,October,0.257,0.267,0.272
2004,October,0.252,0.262,0.269
2004,October,0.248,0.259,0.266
2004,October,0.246,0.258,0.264
2004,October,0.247,0.258,0.263
2004,October,0.246,0.257,0.262
2004,October,0.244,0.256,0.262
2004,October,0.240,0.255,0.261
2004,October,0.230,0.249,0.258
2004,October,0.227,0.246,0.256
2004,November,0.223,0.242,0.253
2004,November,0.226,0.236,0.250
2004,November,0.311,0.238,0.246
2004,November,0.334,0.287,0.243
2004,November,0.326,0.298,0.253
2004,November,0.312,0.295,0.273
2004,November,0.303,0.293,0.280
2004,November,0.298,0.291,0.282
2004,November,0.294,0.289,0.282
2004,November,0.288,0.287,0.281
2004,November,0.280,0.280,0.279
2004,November,0.275,0.276,0.276
2004,November,0.287,0.274,0.274
2004,November,0.330,0.295,0.276
2004,November,0.375,0.340,0.321
2004,November,0.394,0.376,0.409
2004,November,0.371,0.359,0.383
2004,November,0.341,0.337,0.351
2004,November,0.326,0.326,0.332
2004,November,0.318,0.318,0.320
2004,November,0.333,0.320,0.316
2004,November,0.326,0.319,0.317
2004,November,0.353,0.334,0.325
2004,November,0.325,0.324,0.325
2004,November,0.314,0.314,0.317
2004,November,0.306,0.306,0.309
2004,November,0.299,0.301,0.303
2004,November,0.294,0.296,0.298
2004,November,0.287,0.292,0.293
2004,November,0.282,0.285,0.288
2004,December,0.280,0.282,0.284
2004,December,0.277,0.280,0.280
2004,December,0.276,0.277,0.278
2004,December,0.274,0.276,0.276
2004,December,0.276,0.276,0.274
2004,December,0.277,0.274,0.273
2004,December,0.278,0.277,0.272
2004,December,0.277,0.277,0.271
2004,December,0.277,0.276,0.271
2004,December,0.274,0.275,0.271
2004,December,0.272,0.273,0.269
2004,December,0.271,0.273,0.268
2004,December,0.266,0.270,0.267
2004,December,0.262,0.266,0.265
2004,December,0.260,0.264,0.264
2004,December,0.259,0.262,0.262
2004,December,0.258,0.261,0.260
2004,December,0.257,0.260,0.259
2004,December,0.256,0.259,0.258
2004,December,0.256,0.259,0.257
2004,December,0.254,0.258,0.256
2004,December,0.250,0.256,0.255
2004,December,0.248,0.253,0.254
2004,December,0.247,0.251,0.252
2004,December,0.247,0.250,0.251
2004,December,0.254,0.252,0.250
2004,December,0.255,0.254,0.249
2004,December,0.256,0.255,0.249
2004,December,0.257,0.257,0.250
2004,December,0.259,0.259,0.250
2004,December,0.257,0.258,0.251
2005,January,0.258,0.258,0.251
2005,January,0.258,0.259,0.251
2005,January,0.260,0.260,0.251
2005,January,0.258,0.259,0.252
2005,January,0.299,0.261,0.251
2005,January,0.293,0.270,0.251
2005,January,0.286,0.271,0.253
2005,January,0.281,0.270,0.254
2005,January,0.279,0.271,0.256
2005,January,0.276,0.271,0.257
2005,January,0.273,0.271,0.258
2005,January,0.270,0.270,0.258
2005,January,0.265,0.265,0.258
2005,January,0.261,0.263,0.256
2005,January,0.258,0.260,0.255
2005,January,0.254,0.258,0.254
2005,January,0.251,0.256,0.252
2005,January,0.253,0.255,0.251
2005,January,0.256,0.255,0.250
2005,January,0.256,0.257,0.250
2005,January,0.256,0.257,0.250
2005,January,0.254,0.256,0.249
2005,January,0.250,0.254,0.249
2005,January,0.250,0.253,0.248
2005,January,0.250,0.253,0.248
2005,January,0.247,0.252,0.247
2005,January,0.246,0.251,0.246
2005,January,0.290,0.250,0.246
2005,January,0.281,0.257,0.245
2005,January,0.273,0.258,0.245
2005,January,0.273,0.258,0.245
2005,February,0.277,0.256,0.245
2005,February,0.294,0.259,0.245
2005,February,0.284,0.263,0.245
2005,February,0.277,0.263,0.246
2005,February,0.273,0.262,0.247
2005,February,0.345,0.289,0.247
2005,February,0.316,0.293,0.251
2005,February,0.305,0.289,0.256
2005,February,0.297,0.287,0.260
2005,February,0.289,0.284,0.262
2005,February,0.287,0.281,0.262
2005,February,0.287,0.280,0.262
2005,February,0.287,0.280,0.262
2005,February,0.282,0.280,0.262
2005,February,0.279,0.278,0.262
2005,February,0.275,0.275,0.261
2005,February,0.271,0.272,0.261
2005,February,0.268,0.269,0.259
2005,February,0.273,0.269,0.258
2005,February,0.278,0.271,0.258
2005,February,0.274,0.272,0.257
2005,February,0.271,0.270,0.256
2005,February,0.270,0.269,0.256
2005,February,0.269,0.267,0.256
2005,February,0.269,0.267,0.255
2005,February,0.269,0.266,0.254
2005,February,0.268,0.266,0.254
2005,February,0.267,0.265,0.253
2005,March,0.266,0.264,0.252
2005,March,0.264,0.262,0.251
2005,March,0.262,0.262,0.251
2005,March,0.260,0.261,0.250
2005,March,0.258,0.259,0.250
2005,March,0.260,0.259,0.250
2005,March,0.259,0.258,0.249
2005,March,0.256,0.256,0.248
2005,March,0.252,0.254,0.247
2005,March,0.248,0.252,0.245
2005,March,0.242,0.249,0.244
2005,March,0.237,0.246,0.242
2005,March,0.229,0.242,0.240
2005,March,0.223,0.239,0.239
2005,March,0.218,0.236,0.237
2005,March,0.224,0.232,0.236
2005,March,0.243,0.232,0.234
2005,March,0.244,0.234,0.233
2005,March,0.241,0.235,0.232
2005,March,0.236,0.234,0.231
2005,March,0.231,0.231,0.230
2005,March,0.224,0.227,0.228
2005,March,0.218,0.225,0.226
2005,March,0.213,0.222,0.224
2005,March,0.206,0.218,0.223
2005,March,0.201,0.215,0.222
2005,March,0.199,0.212,0.221
2005,March,0.199,0.210,0.218
2005,March,0.196,0.206,0.215
2005,March,0.192,0.201,0.213
2005,March,0.187,0.197,0.211
2005,April,0.184,0.193,0.209
2005,April,0.182,0.190,0.206
2005,April,0.179,0.186,0.203
2005,April,0.177,0.182,0.201
2005,April,0.173,0.179,0.197
2005,April,0.171,0.175,0.194
2005,April,0.168,0.173,0.191
2005,April,0.167,0.171,0.188
2005,April,0.166,0.169,0.185
2005,April,0.165,0.167,0.182
2005,April,0.162,0.166,0.180
2005,April,0.161,0.164,0.178
2005,April,0.161,0.164,0.176
2005,April,0.161,0.164,0.174
2005,April,0.161,0.164,0.173
2005,April,0.160,0.163,0.172
2005,April,0.159,0.162,0.171
2005,April,0.159,0.162,0.170
2005,April,0.159,0.162,0.168
2005,April,0.157,0.161,0.167
2005,April,0.156,0.160,0.166
2005,April,0.154,0.159,0.165
2005,April,0.153,0.158,0.164
2005,April,0.150,0.157,0.163
2005,April,0.149,0.155,0.163
2005,April,0.149,0.155,0.162
2005,April,0.150,0.155,0.161
2005,April,0.151,0.155,0.161
2005,April,0.151,0.155,0.160
2005,April,0.150,0.154,0.160
2005,May,0.151,0.154,0.159
2005,May,0.149,0.154,0.159
2005,May,0.148,0.152,0.159
2005,May,0.148,0.152,0.158
2005,May,0.149,0.152,0.158
2005,May,0.151,0.153,0.158
2005,May,0.152,0.154,0.158
2005,May,0.152,0.154,0.158
2005,May,0.151,0.154,0.157
2005,May,0.151,0.154,0.157
2005,May,0.151,0.155,0.157
2005,May,0.151,0.155,0.157
2005,May,0.149,0.155,0.157
2005,May,0.147,0.155,0.157
2005,May,0.155,0.153,0.157
2005,May,0.189,0.152,0.157
2005,May,0.198,0.152,0.157
2005,May,0.195,0.153,0.157
2005,May,0.188,0.154,0.157
2005,May,0.180,0.155,0.157
2005,May,0.172,0.156,0.157
2005,May,0.165,0.156,0.158
2005,May,0.159,0.157,0.158
2005,May,0.155,0.156,0.158
2005,May,0.150,0.156,0.158
2005,May,0.147,0.154,0.158
2005,May,0.145,0.153,0.157
2005,May,0.144,0.152,0.157
2005,May,0.149,0.151,0.157
2005,May,0.158,0.152,0.157
2005,May,0.296,0.152,0.157
2005,June,0.340,0.153,0.157
2005,June,0.302,0.156,0.157
2005,June,0.298,0.158,0.157
2005,June,0.282,0.160,0.157
2005,June,0.263,0.163,0.157
2005,June,0.246,0.166,0.158
2005,June,0.230,0.170,0.158
2005,June,0.211,0.172,0.158
2005,June,0.194,0.173,0.159
2005,June,0.182,0.172,0.159
2005,June,0.174,0.170,0.159
2005,June,0.166,0.168,0.159
2005,June,0.160,0.165,0.159
2005,June,0.155,0.163,0.159
2005,June,0.152,0.160,0.159
2005,June,0.149,0.158,0.159
2005,June,0.145,0.156,0.159
2005,June,0.141,0.154,0.158
2005,June,0.138,0.153,0.158
2005,June,0.134,0.152,0.158
2005,June,0.131,0.150,0.158
2005,June,0.128,0.149,0.158
2005,June,0.125,0.147,0.158
2005,June,0.123,0.147,0.158
2005,June,0.121,0.146,0.157
2005,June,0.120,0.145,0.157
2005,June,0.119,0.145,0.157
2005,June,0.117,0.144,0.156
2005,June,0.116,0.144,0.156
2005,June,0.115,0.143,0.156
2005,July,0.115,0.142,0.156
2005,July,0.118,0.142,0.156
2005,July,0.123,0.142,0.155
2005,July,0.126,0.143,0.155
2005,July,0.165,0.142,0.155
2005,July,0.330,0.143,0.155
2005,July,0.307,0.147,0.155
2005,July,0.298,0.149,0.155
2005,July,0.287,0.151,0.155
2005,July,0.272,0.153,0.155
2005,July,0.259,0.155,0.155
2005,July,0.244,0.157,0.155
2005,July,0.224,0.158,0.155
2005,July,0.202,0.160,0.155
2005,July,0.183,0.160,0.155
2005,July,0.168,0.159,0.156
2005,July,0.160,0.158,0.156
2005,July,0.154,0.156,0.156
2005,July,0.150,0.153,0.156
2005,July,0.146,0.151,0.156
2005,July,0.141,0.150,0.156
2005,July,0.138,0.148,0.155
2005,July,0.135,0.147,0.155
2005,July,0.132,0.145,0.155
2005,July,0.129,0.145,0.154
2005,July,0.125,0.144,0.154
2005,July,0.124,0.142,0.154
2005,July,0.131,0.140,0.154
2005,July,0.138,0.141,0.153
2005,July,0.142,0.142,0.153
2005,July,0.144,0.143,0.153
2005,August,0.143,0.143,0.153
2005,August,0.141,0.144,0.153
2005,August,0.140,0.144,0.153
2005,August,0.138,0.143,0.153
2005,August,0.294,0.142,0.153
2005,August,0.276,0.141,0.153
2005,August,0.252,0.142,0.153
2005,August,0.232,0.143,0.153
2005,August,0.211,0.144,0.153
2005,August,0.189,0.144,0.153
2005,August,0.170,0.145,0.153
2005,August,0.158,0.145,0.153
2005,August,0.152,0.145,0.153
2005,August,0.149,0.143,0.153
2005,August,0.162,0.142,0.153
2005,August,0.180,0.142,0.153
2005,August,0.179,0.143,0.152
2005,August,0.171,0.144,0.153
2005,August,0.161,0.145,0.153
2005,August,0.153,0.145,0.153
2005,August,0.148,0.145,0.153
2005,August,0.147,0.144,0.153
2005,August,0.145,0.144,0.153
2005,August,0.143,0.144,0.152
2005,August,0.142,0.143,0.152
2005,August,0.140,0.143,0.152
2005,August,0.137,0.142,0.152
2005,August,0.137,0.141,0.152
2005,August,0.138,0.141,0.152
2005,August,0.139,0.141,0.152
2005,August,0.139,0.141,0.151
2005,September,0.139,0.141,0.151
2005,September,0.139,0.141,0.151
2005,September,0.138,0.141,0.151
2005,September,0.137,0.141,0.151
2005,September,0.136,0.141,0.151
2005,September,0.135,0.140,0.151
2005,September,0.135,0.140,0.151
2005,September,0.136,0.140,0.150
2005,September,0.136,0.140,0.150
2005,September,0.136,0.140,0.150
2005,September,0.136,0.140,0.150
2005,September,0.136,0.140,0.150
2005,September,0.134,0.140,0.150
2005,September,0.133,0.140,0.150
2005,September,0.132,0.140,0.150
2005,September,0.130,0.139,0.150
2005,September,0.130,0.139,0.149
2005,September,0.129,0.139,0.149
2005,September,0.128,0.139,0.149
2005,September,0.126,0.139,0.149
2005,September,0.125,0.139,0.149
2005,September,0.123,0.138,0.149
2005,September,0.122,0.138,0.149
2005,September,0.121,0.138,0.149
2005,September,0.120,0.137,0.149
2005,September,0.119,0.137,0.148
2005,September,0.118,0.137,0.148
2005,September,0.117,0.136,0.148
2005,September,0.116,0.136,0.148
2005,September,0.116,0.135,0.147
2005,October,0.116,0.135,0.147
2005,October,0.116,0.135,0.147
2005,October,0.116,0.135,0.147
2005,October,0.116,0.135,0.147
2005,October,0.126,0.135,0.147
2005,October,0.316,0.132,0.147
2005,October,0.288,0.133,0.146
2005,October,0.272,0.134,0.145
2005,October,0.286,0.135,0.145
2005,October,0.325,0.137,0.145
2005,October,0.296,0.140,0.144
2005,October,0.282,0.145,0.144
2005,October,0.272,0.151,0.144
2005,October,0.264,0.157,0.144
2005,October,0.257,0.163,0.144
2005,October,0.254,0.167,0.144
2005,October,0.250,0.171,0.144
2005,October,0.244,0.174,0.144
2005,October,0.241,0.178,0.144
2005,October,0.233,0.179,0.144
2005,October,0.228,0.179,0.144
2005,October,0.225,0.179,0.143
2005,October,0.220,0.179,0.143
2005,October,0.215,0.176,0.143
2005,October,0.212,0.175,0.143
2005,October,0.211,0.175,0.143
2005,October,0.210,0.176,0.143
2005,October,0.209,0.176,0.143
2005,October,0.207,0.176,0.143
2005,October,0.206,0.176,0.143
2005,October,0.203,0.175,0.143
2005,November,0.200,0.174,0.143
2005,November,0.198,0.173,0.143
2005,November,0.197,0.173,0.143
2005,November,0.195,0.174,0.143
2005,November,0.192,0.173,0.143
2005,November,0.188,0.172,0.143
2005,November,0.187,0.172,0.143
2005,November,0.186,0.172,0.143
2005,November,0.183,0.171,0.143
2005,November,0.180,0.170,0.143
2005,November,0.179,0.169,0.143
2005,November,0.178,0.169,0.143
2005,November,0.175,0.168,0.143
2005,November,0.173,0.166,0.143
2005,November,0.171,0.166,0.143
2005,November,0.167,0.163,0.143
2005,November,0.167,0.162,0.143
2005,November,0.167,0.161,0.142
2005,November,0.166,0.161,0.142
2005,November,0.165,0.160,0.142
2005,November,0.165,0.160,0.142
2005,November,0.164,0.159,0.142
2005,November,0.164,0.159,0.142
2005,November,0.164,0.159,0.142
2005,November,0.163,0.159,0.142
2005,November,0.163,0.159,0.142
2005,November,0.162,0.159,0.142
2005,November,0.160,0.158,0.142
2005,November,0.158,0.157,0.142
2005,November,0.158,0.156,0.142
2005,December,0.157,0.156,0.142
2005,December,0.157,0.156,0.142
2005,December,0.158,0.157,0.142
2005,December,0.156,0.156,0.142
2005,December,0.154,0.155,0.142
2005,December,0.153,0.154,0.142
2005,December,0.152,0.153,0.142
2005,December,0.151,0.152,0.142
2005,December,0.151,0.152,0.142
2005,December,0.151,0.152,0.142
2005,December,0.151,0.152,0.142
2005,December,0.152,0.153,0.142
2005,December,0.151,0.153,0.142
2005,December,0.151,0.153,0.142
2005,December,0.149,0.153,0.142
2005,December,0.149,0.152,0.142
2005,December,0.148,0.152,0.142
2005,December,0.148,0.152,0.142
2005,December,0.148,0.152,0.142
2005,December,0.147,0.152,0.142
2005,December,0.147,0.152,0.142
2005,December,0.147,0.152,0.142
2005,December,0.147,0.153,0.142
2005,December,0.147,0.153,0.142
2005,December,0.147,0.153,0.142
2005,December,0.147,0.153,0.142
2005,December,0.147,0.153,0.142
2005,December,0.146,0.153,0.142
2005,December,0.146,0.153,0.142
2005,December,0.146,0.153,0.142
2005,December,0.146,0.153,0.142
2006,January,0.145,0.154,0.142
2006,January,0.145,0.154,0.142
2006,January,0.144,0.154,0.142
2006,January,0.144,0.154,0.142
2006,January,0.142,0.154,0.142
2006,January,0.141,0.153,0.142
2006,January,0.141,0.153,0.142
2006,January,0.141,0.153,0.142
2006,January,0.139,0.153,0.142
2006,January,0.138,0.152,0.142
2006,January,0.138,0.151,0.142
2006,January,0.138,0.152,0.142
2006,January,0.137,0.151,0.142
2006,January,0.136,0.151,0.142
2006,January,0.137,0.151,0.142
2006,January,0.136,0.152,0.142
2006,January,0.134,0.151,0.142
2006,January,0.134,0.151,0.142
2006,January,0.134,0.151,0.142
2006,January,0.133,0.151,0.142
2006,January,0.132,0.150,0.142
2006,January,0.132,0.150,0.142
2006,January,0.132,0.150,0.142
2006,January,0.131,0.150,0.142
2006,January,0.131,0.150,0.142
2006,January,0.131,0.150,0.142
2006,January,0.131,0.151,0.142
2006,January,0.131,0.151,0.142
2006,January,0.130,0.150,0.142
2006,January,0.129,0.150,0.142
2006,January,0.129,0.150,0.142
2006,February,0.129,0.150,0.142
2006,February,0.129,0.150,0.142
2006,February,0.128,0.150,0.142
2006,February,0.127,0.150,0.142
2006,February,0.127,0.149,0.142
2006,February,0.127,0.149,0.142
2006,February,0.126,0.149,0.142
2006,February,0.126,0.148,0.142
2006,February,0.126,0.148,0.142
2006,February,0.125,0.149,0.142
2006,February,0.124,0.148,0.142
2006,February,0.124,0.147,0.142
2006,February,0.124,0.147,0.142
2006,February,0.124,0.147,0.142
2006,February,0.124,0.148,0.142
2006,February,0.124,0.148,0.142
2006,February,0.123,0.148,0.143
2006,February,0.122,0.146,0.142
2006,February,0.122,0.146,0.142
2006,February,0.122,0.145,0.142
2006,February,0.122,0.146,0.142
2006,February,0.122,0.146,0.142
2006,February,0.122,0.146,0.142
2006,February,0.121,0.146,0.142
2006,February,0.121,0.146,0.143
2006,February,0.121,0.146,0.143
2006,February,0.121,0.146,0.143
2006,February,0.122,0.146,0.143
2006,March,0.123,0.147,0.143
2006,March,0.123,0.148,0.143
2006,March,0.122,0.147,0.143
2006,March,0.122,0.147,0.143
2006,March,0.122,0.147,0.144
2006,March,0.122,0.148,0.144
2006,March,0.122,0.148,0.144
2006,March,0.121,0.148,0.144
2006,March,0.120,0.147,0.144
2006,March,0.119,0.147,0.144
2006,March,0.119,0.146,0.144
2006,March,0.118,0.146,0.144
2006,March,0.117,0.146,0.143
2006,March,0.117,0.145,0.143
2006,March,0.116,0.145,0.143
2006,March,0.116,0.145,0.143
2006,March,0.116,0.145,0.143
2006,March,0.115,0.144,0.143
2006,March,0.115,0.143,0.143
2006,March,0.224,0.142,0.143
2006,March,0.242,0.141,0.143
2006,March,0.232,0.141,0.143
2006,March,0.225,0.140,0.143
2006,March,0.225,0.140,0.143
2006,March,0.226,0.141,0.143
2006,March,0.228,0.142,0.143
2006,March,0.227,0.143,0.143
2006,March,0.225,0.143,0.144
2006,March,0.226,0.144,0.144
2006,March,0.227,0.145,0.144
2006,March,0.225,0.145,0.144
2006,April,0.223,0.146,0.145
2006,April,0.220,0.146,0.145
2006,April,0.216,0.146,0.145
2006,April,0.214,0.146,0.145
2006,April,0.214,0.147,0.145
2006,April,0.211,0.148,0.145
2006,April,0.204,0.147,0.146
2006,April,0.201,0.147,0.146
2006,April,0.198,0.147,0.145
2006,April,0.194,0.148,0.146
2006,April,0.190,0.148,0.146
2006,April,0.187,0.149,0.146
2006,April,0.183,0.150,0.146
2006,April,0.178,0.151,0.146
2006,April,0.171,0.151,0.147
2006,April,0.164,0.151,0.147
2006,April,0.158,0.150,0.147
2006,April,0.153,0.150,0.147
2006,April,0.148,0.150,0.147
2006,April,0.161,0.149,0.147
2006,April,0.303,0.146,0.147
2006,April,0.277,0.147,0.147
2006,April,0.267,0.148,0.147
2006,April,0.257,0.150,0.147
2006,April,0.242,0.150,0.147
2006,April,0.235,0.149,0.147
2006,April,0.228,0.149,0.147
2006,April,0.225,0.150,0.147
2006,April,0.215,0.150,0.147
2006,April,0.209,0.149,0.148
2006,May,0.202,0.151,0.148
2006,May,0.194,0.152,0.148
2006,May,0.185,0.153,0.148
2006,May,0.176,0.153,0.148
2006,May,0.168,0.152,0.148
2006,May,0.164,0.150,0.148
2006,May,0.162,0.150,0.147
2006,May,0.162,0.150,0.147
2006,May,0.159,0.152,0.147
2006,May,0.155,0.152,0.148
2006,May,0.151,0.151,0.148
2006,May,0.150,0.150,0.148
2006,May,0.147,0.150,0.148
2006,May,0.144,0.150,0.148
2006,May,0.140,0.149,0.148
2006,May,0.137,0.148,0.148
2006,May,0.134,0.147,0.148
2006,May,0.132,0.147,0.149
2006,May,0.129,0.146,0.149
2006,May,0.126,0.145,0.149
2006,May,0.123,0.145,0.149
2006,May,0.121,0.144,0.149
2006,May,0.121,0.143,0.149
2006,May,0.121,0.143,0.149
2006,May,0.119,0.143,0.149
2006,May,0.116,0.142,0.150
2006,May,0.115,0.142,0.150
2006,May,0.114,0.141,0.150
2006,May,0.113,0.141,0.150
2006,May,0.116,0.141,0.150
2006,May,0.316,0.138,0.150
2006,June,0.279,0.138,0.150
2006,June,0.265,0.139,0.149
2006,June,0.251,0.140,0.149
2006,June,0.242,0.141,0.150
2006,June,0.228,0.143,0.150
2006,June,0.214,0.144,0.150
2006,June,0.200,0.145,0.150
2006,June,0.186,0.145,0.150
2006,June,0.173,0.146,0.151
2006,June,0.162,0.146,0.151
2006,June,0.153,0.146,0.151
2006,June,0.144,0.146,0.151
2006,June,0.138,0.145,0.151
2006,June,0.132,0.145,0.151
2006,June,0.127,0.144,0.151
2006,June,0.123,0.143,0.151
2006,June,0.120,0.142,0.151
2006,June,0.118,0.142,0.151
2006,June,0.116,0.141,0.150
2006,June,0.114,0.141,0.150
2006,June,0.113,0.140,0.150
2006,June,0.112,0.139,0.151
2006,June,0.112,0.138,0.150
2006,June,0.114,0.138,0.150
2006,June,0.117,0.138,0.150
2006,June,0.117,0.138,0.150
2006,June,0.117,0.137,0.149
2006,June,0.118,0.137,0.149
2006,June,0.117,0.137,0.149
2006,June,0.116,0.137,0.149
2006,July,0.115,0.137,0.149
2006,July,0.114,0.137,0.149
2006,July,0.112,0.137,0.149
2006,July,0.111,0.137,0.149
2006,July,0.109,0.136,0.149
2006,July,0.110,0.135,0.149
2006,July,0.111,0.135,0.149
2006,July,0.113,0.135,0.149
2006,July,0.112,0.135,0.149
2006,July,0.111,0.135,0.149
2006,July,0.111,0.135,0.149
2006,July,0.113,0.135,0.149
2006,July,0.112,0.134,0.149
2006,July,0.111,0.134,0.149
2006,July,0.111,0.134,0.149
2006,July,0.111,0.135,0.149
2006,July,0.110,0.135,0.149
2006,July,0.108,0.135,0.148
2006,July,0.107,0.135,0.148
2006,July,0.106,0.135,0.148
2006,July,0.105,0.135,0.148
2006,July,0.104,0.134,0.148
2006,July,0.103,0.134,0.148
2006,July,0.102,0.134,0.148
2006,July,0.102,0.133,0.148
2006,July,0.101,0.133,0.148
2006,July,0.100,0.133,0.148
2006,July,0.100,0.131,0.148
2006,July,0.103,0.131,0.148
2006,July,0.105,0.130,0.147
2006,July,0.107,0.130,0.147
2006,August,0.109,0.130,0.147
2006,August,0.110,0.130,0.147
2006,August,0.111,0.130,0.147
2006,August,0.110,0.130,0.147
2006,August,0.110,0.130,0.147
2006,August,0.112,0.130,0.147
2006,August,0.113,0.130,0.146
2006,August,0.113,0.130,0.146
2006,August,0.112,0.130,0.146
2006,August,0.111,0.131,0.146
2006,August,0.109,0.131,0.146
2006,August,0.108,0.131,0.146
2006,August,0.106,0.131,0.146
2006,August,0.105,0.131,0.146
2006,August,0.104,0.130,0.146
2006,August,0.104,0.130,0.146
2006,August,0.104,0.129,0.146
2006,August,0.104,0.130,0.146
2006,August,0.104,0.130,0.145
2006,August,0.103,0.129,0.146
2006,August,0.105,0.128,0.146
2006,August,0.112,0.127,0.146
2006,August,0.121,0.127,0.145
2006,August,0.130,0.128,0.145
2006,August,0.135,0.128,0.145
2006,August,0.138,0.129,0.145
2006,August,0.139,0.129,0.145
2006,August,0.274,0.128,0.145
2006,August,0.293,0.127,0.145
2006,August,0.279,0.128,0.145
2006,August,0.270,0.129,0.144
2006,September,0.256,0.129,0.145
2006,September,0.321,0.129,0.144
2006,September,0.382,0.216,0.144
2006,September,0.388,0.362,0.142
2006,September,0.347,0.337,0.162
2006,September,0.326,0.323,0.217
2006,September,0.310,0.314,0.243
2006,September,0.299,0.305,0.260
2006,September,0.290,0.299,0.266
2006,September,0.286,0.294,0.268
2006,September,0.286,0.289,0.269
2006,September,0.295,0.289,0.269
2006,September,0.285,0.288,0.268
2006,September,0.275,0.284,0.268
2006,September,0.268,0.280,0.267
2006,September,0.258,0.276,0.267
2006,September,0.245,0.271,0.266
2006,September,0.232,0.263,0.264
2006,September,0.220,0.257,0.261
2006,September,0.209,0.250,0.258
2006,September,0.199,0.242,0.256
2006,September,0.189,0.230,0.254
2006,September,0.183,0.220,0.251
2006,September,0.177,0.212,0.248
2006,September,0.174,0.205,0.245
2006,September,0.171,0.198,0.241
2006,September,0.168,0.191,0.237
2006,September,0.164,0.185,0.233
2006,September,0.161,0.180,0.229
2006,September,0.159,0.175,0.222
2006,October,0.158,0.172,0.216
2006,October,0.157,0.169,0.209
2006,October,0.155,0.167,0.203
2006,October,0.154,0.164,0.196
2006,October,0.152,0.162,0.190
2006,October,0.150,0.160,0.185
2006,October,0.148,0.158,0.180
2006,October,0.147,0.157,0.177
2006,October,0.145,0.156,0.176
2006,October,0.156,0.154,0.176
2006,October,0.174,0.153,0.174
2006,October,0.174,0.153,0.173
2006,October,0.172,0.152,0.172
2006,October,0.172,0.153,0.171
2006,October,0.207,0.153,0.171
2006,October,0.277,0.153,0.171
2006,October,0.253,0.153,0.171
2006,October,0.234,0.153,0.170
2006,October,0.225,0.152,0.170
2006,October,0.219,0.151,0.169
2006,October,0.211,0.152,0.169
2006,October,0.203,0.151,0.168
2006,October,0.195,0.151,0.168
2006,October,0.188,0.152,0.167
2006,October,0.183,0.152,0.167
2006,October,0.175,0.153,0.167
2006,October,0.167,0.152,0.166
2006,October,0.162,0.151,0.165
2006,October,0.159,0.151,0.164
2006,October,0.157,0.151,0.162
2006,October,0.153,0.151,0.162
2006,November,0.151,0.150,0.161
2006,November,0.149,0.149,0.160
2006,November,0.149,0.148,0.159
2006,November,0.149,0.149,0.159
2006,November,0.149,0.149,0.158
2006,November,0.148,0.149,0.158
2006,November,0.147,0.148,0.158
2006,November,0.146,0.148,0.157
2006,November,0.146,0.148,0.157
2006,November,0.144,0.147,0.156
2006,November,0.142,0.146,0.156
2006,November,0.142,0.145,0.155
2006,November,0.142,0.145,0.155
2006,November,0.141,0.144,0.154
2006,November,0.140,0.144,0.154
2006,November,0.139,0.143,0.153
2006,November,0.139,0.143,0.153
2006,November,0.138,0.143,0.153
2006,November,0.138,0.142,0.152
2006,November,0.137,0.142,0.152
2006,November,0.137,0.142,0.152
2006,November,0.137,0.142,0.152
2006,November,0.136,0.142,0.151
2006,November,0.136,0.141,0.151
2006,November,0.135,0.141,0.151
2006,November,0.135,0.141,0.151
2006,November,0.135,0.141,0.151
2006,November,0.134,0.140,0.151
2006,November,0.133,0.140,0.151
2006,November,0.132,0.139,0.150
2006,December,0.136,0.138,0.150
2006,December,0.146,0.137,0.150
2006,December,0.146,0.137,0.149
2006,December,0.146,0.137,0.149
2006,December,0.146,0.137,0.149
2006,December,0.147,0.137,0.149
2006,December,0.146,0.137,0.149
2006,December,0.146,0.137,0.149
2006,December,0.146,0.137,0.149
2006,December,0.147,0.138,0.149
2006,December,0.147,0.138,0.149
2006,December,0.146,0.138,0.149
2006,December,0.145,0.138,0.149
2006,December,0.145,0.138,0.149
2006,December,0.144,0.139,0.149
2006,December,0.144,0.139,0.149
2006,December,0.142,0.139,0.149
2006,December,0.141,0.139,0.149
2006,December,0.141,0.138,0.149
2006,December,0.276,0.137,0.149
2006,December,0.264,0.137,0.149
2006,December,0.249,0.137,0.149
2006,December,0.241,0.137,0.149
2006,December,0.234,0.137,0.149
2006,December,0.229,0.137,0.149
2006,December,0.224,0.137,0.149
2006,December,0.221,0.138,0.149
2006,December,0.220,0.139,0.149
2006,December,0.294,0.143,0.149
2006,December,0.306,0.215,0.149
2006,December,0.281,0.229,0.149
2007,January,0.265,0.229,0.142
2007,January,0.257,0.227,0.142
2007,January,0.253,0.226,0.142
2007,January,0.250,0.225,0.142
2007,January,0.246,0.225,0.149
2007,January,0.241,0.223,0.149
2007,January,0.235,0.221,0.149
2007,January,0.232,0.219,0.149
2007,January,0.229,0.217,0.149
2007,January,0.227,0.216,0.149
2007,January,0.227,0.216,0.149
2007,January,0.224,0.216,0.149
2007,January,0.219,0.213,0.149
2007,January,0.218,0.211,0.149
2007,January,0.214,0.210,0.149
2007,January,0.210,0.208,0.149
2007,January,0.212,0.207,0.149
2007,January,0.214,0.206,0.149
2007,January,0.213,0.206,0.149
2007,January,0.230,0.205,0.149
2007,January,0.260,0.205,0.149
2007,January,0.267,0.206,0.149
2007,January,0.266,0.209,0.149
2007,January,0.279,0.214,0.149
2007,January,0.288,0.224,0.149
2007,January,0.285,0.235,0.149
2007,January,0.282,0.239,0.149
2007,January,0.272,0.239,0.149
2007,January,0.267,0.238,0.149
2007,January,0.261,0.237,0.149
2007,January,0.257,0.236,0.148
2007,February,0.254,0.234,0.148
2007,February,0.252,0.233,0.148
2007,February,0.256,0.233,0.148
2007,February,0.253,0.233,0.148
2007,February,0.251,0.232,0.148
2007,February,0.249,0.232,0.148
2007,February,0.247,0.233,0.148
2007,February,0.242,0.232,0.148
2007,February,0.238,0.230,0.148
2007,February,0.236,0.228,0.149
2007,February,0.236,0.227,0.149
2007,February,0.236,0.228,0.149
2007,February,0.230,0.226,0.149
2007,February,0.225,0.224,0.149
2007,February,0.223,0.222,0.149
2007,February,0.223,0.220,0.149
2007,February,0.223,0.220,0.149
2007,February,0.220,0.218,0.149
2007,February,0.218,0.217,0.149
2007,February,0.214,0.216,0.149
2007,February,0.209,0.214,0.150
2007,February,0.203,0.211,0.150
2007,February,0.198,0.209,0.150
2007,February,0.191,0.205,0.150
2007,February,0.186,0.201,0.150
2007,February,0.182,0.196,0.150
2007,February,0.177,0.191,0.151
2007,February,0.173,0.186,0.151
2007,March,0.168,0.181,0.151
2007,March,0.165,0.176,0.151
2007,March,0.163,0.172,0.151
2007,March,0.161,0.168,0.151
2007,March,0.160,0.165,0.151
2007,March,0.159,0.162,0.151
2007,March,0.157,0.160,0.151
2007,March,0.155,0.158,0.151
2007,March,0.154,0.156,0.151
2007,March,0.153,0.154,0.152
2007,March,0.200,0.152,0.152
2007,March,0.393,0.299,0.152
2007,March,0.355,0.346,0.195
2007,March,0.330,0.326,0.260
2007,March,0.315,0.314,0.273
2007,March,0.299,0.304,0.274
2007,March,0.292,0.295,0.272
2007,March,0.285,0.289,0.269
2007,March,0.279,0.283,0.267
2007,March,0.275,0.279,0.265
2007,March,0.268,0.273,0.262
2007,March,0.261,0.267,0.260
2007,March,0.261,0.265,0.258
2007,March,0.347,0.306,0.255
2007,March,0.347,0.322,0.260
2007,March,0.380,0.372,0.338
2007,March,0.350,0.346,0.340
2007,March,0.331,0.332,0.329
2007,March,0.339,0.332,0.324
2007,March,0.333,0.326,0.320
2007,March,0.330,0.325,0.320
2007,April,0.315,0.316,0.314
2007,April,0.305,0.309,0.308
2007,April,0.298,0.303,0.301
2007,April,0.289,0.296,0.296
2007,April,0.281,0.290,0.291
2007,April,0.273,0.284,0.285
2007,April,0.265,0.276,0.281
2007,April,0.267,0.270,0.276
2007,April,0.275,0.269,0.272
2007,April,0.293,0.274,0.270
2007,April,0.283,0.277,0.269
2007,April,0.277,0.275,0.268
2007,April,0.272,0.274,0.267
2007,April,0.266,0.269,0.265
2007,April,0.265,0.267,0.263
2007,April,0.263,0.266,0.262
2007,April,0.259,0.265,0.261
2007,April,0.257,0.261,0.260
2007,April,0.255,0.261,0.258
2007,April,0.252,0.259,0.257
2007,April,0.248,0.258,0.256
2007,April,0.242,0.255,0.254
2007,April,0.234,0.251,0.252
2007,April,0.228,0.249,0.250
2007,April,0.219,0.245,0.248
2007,April,0.213,0.241,0.246
2007,April,0.207,0.238,0.244
2007,April,0.201,0.236,0.243
2007,April,0.194,0.232,0.241
2007,April,0.192,0.228,0.240
2007,May,0.193,0.227,0.237
2007,May,0.192,0.225,0.236
2007,May,0.220,0.223,0.235
2007,May,0.226,0.221,0.232
2007,May,0.218,0.220,0.231
2007,May,0.206,0.216,0.229
2007,May,0.196,0.212,0.227
2007,May,0.288,0.259,0.225
2007,May,0.378,0.356,0.224
2007,May,0.360,0.348,0.289
2007,May,0.332,0.330,0.302
2007,May,0.317,0.319,0.301
2007,May,0.305,0.310,0.298
2007,May,0.294,0.301,0.293
2007,May,0.282,0.293,0.288
2007,May,0.273,0.285,0.284
2007,May,0.266,0.278,0.279
2007,May,0.382,0.359,0.306
2007,May,0.359,0.353,0.341
2007,May,0.340,0.338,0.333
2007,May,0.331,0.329,0.324
2007,May,0.318,0.320,0.317
2007,May,0.306,0.311,0.310
2007,May,0.294,0.303,0.304
2007,May,0.286,0.295,0.298
2007,May,0.281,0.289,0.292
2007,May,0.272,0.283,0.287
2007,May,0.262,0.277,0.282
2007,May,0.250,0.269,0.277
2007,May,0.241,0.263,0.272
2007,May,0.233,0.257,0.268
2007,June,0.226,0.251,0.265
2007,June,0.251,0.246,0.261
2007,June,0.363,0.274,0.258
2007,June,0.363,0.320,0.255
2007,June,0.323,0.309,0.255
2007,June,0.300,0.296,0.256
2007,June,0.280,0.283,0.256
2007,June,0.262,0.271,0.254
2007,June,0.250,0.264,0.252
2007,June,0.249,0.257,0.250
2007,June,0.255,0.253,0.248
2007,June,0.246,0.248,0.247
2007,June,0.236,0.242,0.244
2007,June,0.222,0.236,0.241
2007,June,0.210,0.229,0.238
2007,June,0.200,0.223,0.235
2007,June,0.194,0.216,0.232
2007,June,0.186,0.208,0.228
2007,June,0.177,0.199,0.223
2007,June,0.172,0.193,0.218
2007,June,0.169,0.187,0.213
2007,June,0.166,0.183,0.207